[{"img":".\/photo\/3.png","brand":"Ford","model":"Explorer","year":"2020","price":"70","id":"3","days":"1"},{"img":".\/photo\/6.png","brand":"GMC","model":"Sierra","year":"2019","price":"80","id":"6","days":"1"},{"img":".\/photo\/6.png","brand":"GMC","model":"Sierra","year":"2019","price":"80","id":"6","days":"1"},{"img":".\/photo\/9.png","brand":"Sportage","model":"Model 3","year":"2018","price":"80","id":"9","days":"1"},{"img":".\/photo\/8.png","brand":"Tesla","model":"Model 3","year":"2020","price":"80","id":"8","days":"1"},{"img":".\/photo\/5.png","brand":"Benz","model":"S-Class","year":"2021","price":"150","id":"5","days":"1"},{"img":".\/photo\/1.png","brand":"Toyota","model":"Camry","year":"2022","price":"50","id":"1","days":"1"}]